{
    "display": {
        "icon": {
            "item": "minecraft:emerald"
        },
        "title": {
            "translate": "advancements.tcc.quests.healer.02.title"
        },
        "description": {
            "translate": "advancements.tcc.quests.healer.02.description"
        },
        "show_toast": false,
        "announce_to_chat": false,
        "frame": "goal"
    },
    "parent": "tcc:technical/item/quest_book/healer/display/01",
    "criteria": {
        "impossible": {
            "trigger": "minecraft:impossible"
        }
    }
}