{
  "criteria": {
    "impossible": {
      "trigger": "minecraft:impossible"
    }
  },
  "display": {
    "icon": {
      "item": "minecraft:structure_block",
      "nbt": "{CustomModelData:330001}"
    },
    "title": {
      "translate": "advancements.tcc.quests.toast",
      "with": [{
        "translate": "advancements.tcc.quests.warrior.root.title"
      }, 4, 6]
    },
    "description": "",
    "show_toast": true,
    "announce_to_chat": false,
    "hidden": true
  },
  "rewards": {
    "function": "tcc:entity/player/toast/schedule"
  },
  "parent": "tcc:technical/toast/root"
}