{
  "parent": "tcc:recipes/root",
  "rewards": {
    "recipes": [
      "tcc:trident_repair"
    ]
  },
  "criteria": {
    "has_trident": {
      "trigger": "minecraft:inventory_changed",
      "conditions": {
        "items": [
          {
            "items": [
              "minecraft:trident"
            ]
          }
        ]
      }
    },
    "has_recipe": {
      "trigger": "minecraft:recipe_unlocked",
      "conditions": {
        "recipe": "tcc:trident_repair"
      }
    }
  },
  "requirements": [
    [
      "has_trident",
      "has_recipe"
    ]
  ]
}
