{
  "parent": "tcc:technical/root",
  "criteria": {
    "die": {
      "trigger": "minecraft:entity_hurt_player",
      "conditions": {
        "player": [
          {
            "condition": "minecraft:entity_properties",
            "entity": "this",
            "predicate": {
              "nbt": "{Health:0f}"
            }
          },
          {
            "condition": "minecraft:entity_properties",
            "entity": "this",
            "predicate": {
              "nbt": "{Tags:[\"tcc.has_amethyst_ring\"]}"
            }
          }
        ]
      }
    }
  },
  "rewards": {
    "function": "tcc:item/amethyst_ring/die"
  }
}
