{
  "parent": "tcc:technical/root",
  "criteria": {
    "pick_up_ring": {
      "trigger": "minecraft:inventory_changed",
      "conditions": {
        "player": [
          {
            "condition": "minecraft:entity_properties",
            "entity": "this",
            "predicate": {
              "nbt": "{Inventory:[{Slot:-106b,tag:{tcc:{id:\"ring\",gemstone:{id:\"minecraft:amethyst\"}}}}]}"
            }
          }
        ],
        "items": [
          {
            "nbt": "{tcc:{id:\"ring\",gemstone:{id:\"minecraft:amethyst\"}}}"
          }
        ]
      }
    }
  },
  "rewards": {
    "function": "tcc:item/amethyst_ring/equip"
  }
}
