{
    "criteria": {
        "killed_husk_with_fire_aspect": {
            "trigger": "minecraft:player_killed_entity",
            "conditions": {
                "entity":{
                    "type":"minecraft:husk"
                },
                "killing_blow": {
                    "source_entity": {
                      "nbt":"{SelectedItem:{tag:{Enchantments:[{id:\"minecraft:fire_aspect\"}]}}}"
                    }
                }
            }
        }
    },
    "rewards": {
        "function": "tcc:item/quest_book/mage/trigger/03"
    },
    "parent": "tcc:technical/root"
}
