{
  "parent": "tcc:technical/root",
  "criteria": {
    "add_water": {
      "trigger": "minecraft:player_interacted_with_entity",
      "conditions": {
        "item": {
          "items": [
            "minecraft:potion"
          ],
          "nbt": "{Potion:\"minecraft:water\"}"
        },
        "entity": {
          "nbt": "{Tags:[\"tcc.teapot.empty\"]}",
          "location": {
            "block": {
              "tag": "minecraft:campfires",
              "state": {
                "lit": "true"
              }
            }
          }
        }
      }
    },
    "take_water": {
      "trigger": "minecraft:player_interacted_with_entity",
      "conditions": {
        "item": {
          "items": [
            "minecraft:glass_bottle"
          ]
        },
        "entity": {
          "nbt": "{Tags:[\"tcc.teapot.filled_water\"]}",
          "location": {
            "block": {
              "tag": "minecraft:campfires",
              "state": {
                "lit": "true"
              }
            }
          }
        }
      }
    },
    "add_warped_wart": {
      "trigger": "minecraft:player_interacted_with_entity",
      "conditions": {
        "item": {
          "nbt": "{tcc:{id:\"warped_wart\"}}"
        },
        "entity": {
          "nbt": "{Tags:[\"tcc.teapot.filled_water\"]}",
          "location": {
            "block": {
              "tag": "minecraft:campfires",
              "state": {
                "lit": "true"
              }
            }
          }
        }
      }
    },
    "add_ingredient": {
      "trigger": "minecraft:player_interacted_with_entity",
      "conditions": {
        "player": [
          {
            "condition": "minecraft:reference",
            "name": "tcc:holding/tea_ingredient"
          }
        ],
        "entity": {
          "nbt": "{Tags:[\"tcc.teapot.filled_warped_wart\"]}",
          "location": {
            "block": {
              "tag": "minecraft:campfires",
              "state": {
                "lit": "true"
              }
            }
          }
        }
      }
    },
    "take_tea": {
      "trigger": "minecraft:player_interacted_with_entity",
      "conditions": {
        "player": [
          {
            "condition": "minecraft:inverted",
            "term": {
              "condition": "minecraft:reference",
              "name": "tcc:full_inventory"
            }
          }
        ],
        "item": {
          "nbt": "{tcc:{id:\"teacup\"}}"
        },
        "entity": {
          "nbt": "{Tags:[\"tcc.teapot.filled_tea\"]}",
          "location": {
            "block": {
              "tag": "minecraft:campfires",
              "state": {
                "lit": "true"
              }
            }
          }
        }
      }
    },
    "add_snail_mucus": {
      "trigger": "minecraft:player_interacted_with_entity",
      "conditions": {
        "item": {
          "nbt": "{tcc:{id:\"snail_mucus\"}}"
        },
        "entity": [
          {
            "condition": "minecraft:entity_properties",
            "entity": "this",
            "predicate": {
              "nbt": "{Tags:[\"tcc.teapot.filled_tea\"]}",
              "location": {
                "block": {
                  "tag": "minecraft:campfires",
                  "state": {
                    "lit": "true"
                  }
                }
              }
            }
          },
          {
            "condition": "minecraft:inverted",
            "term": {
              "condition": "minecraft:entity_properties",
              "entity": "this",
              "predicate": {
                "nbt": "{Tags:[\"tcc.teapot.filled_snail_mucus\"]}"
              }
            }
          },
          {
            "condition": "minecraft:inverted",
            "term": {
              "condition": "minecraft:entity_properties",
              "entity": "this",
              "predicate": {
                "nbt": "{Tags:[\"tcc.teapot.filled_warped_wart\"]}"
              }
            }
          }
        ]
      }
    }
  },
  "requirements": [
    [
      "add_water",
      "take_water",
      "add_warped_wart",
      "add_ingredient",
      "take_tea",
      "add_snail_mucus"
    ]
  ],
  "rewards": {
    "function": "tcc:block/teapot/interact/raycast_start"
  }
}
