{
  "criteria": {
    "click_spawner": {
      "trigger": "minecraft:item_used_on_block",
      "conditions": {
        "location": {
          "block": {
            "blocks": [
              "minecraft:spawner"
            ]
          }
        },
        "item": {
          "tag": "tcc:spawn_eggs",
          "nbt": "{tcc:{id:\"spawn_egg\"}}"
        }
      }
    },
    "click_spawner_with_pig": {
      "trigger": "minecraft:item_used_on_block",
      "conditions": {
        "location": {
          "block": {
            "blocks": [
              "minecraft:spawner"
            ]
          }
        },
        "item": {
          "items": [
            "minecraft:pig_spawn_egg"
          ]
        }
      }
    },
    "click_spawner_with_witch": {
      "trigger": "minecraft:item_used_on_block",
      "conditions": {
        "location": {
          "block": {
            "blocks": [
              "minecraft:spawner"
            ]
          }
        },
        "item": {
          "items": [
            "minecraft:witch_spawn_egg"
          ]
        }
      }
    },
    "click_spawner_with_enchanter": {
      "trigger": "minecraft:item_used_on_block",
      "conditions": {
        "location": {
          "block": {
            "blocks": [
              "minecraft:spawner"
            ]
          }
        },
        "item": {
          "nbt": "{tcc:{id:\"spawn_egg\",entity:\"enchanter\"}}"
        }
      }
    },
    "click_spawner_with_iceologer": {
      "trigger": "minecraft:item_used_on_block",
      "conditions": {
        "location": {
          "block": {
            "blocks": [
              "minecraft:spawner"
            ]
          }
        },
        "item": {
          "nbt": "{tcc:{id:\"spawn_egg\",entity:\"iceologer\"}}"
        }
      }
    },
    "click_spawner_with_geomancer": {
      "trigger": "minecraft:item_used_on_block",
      "conditions": {
        "location": {
          "block": {
            "blocks": [
              "minecraft:spawner"
            ]
          }
        },
        "item": {
          "nbt": "{tcc:{id:\"spawn_egg\",entity:\"geomancer\"}}"
        }
      }
    }
  },
  "requirements": [
    [
      "click_spawner",
      "click_spawner_with_enchanter",
      "click_spawner_with_iceologer",
      "click_spawner_with_geomancer",
      "click_spawner_with_pig",
      "click_spawner_with_witch"
    ]
  ],
  "rewards": {
    "function": "tcc:block/spawner_edit/used_spawn_egg"
  },
  "parent": "tcc:technical/root"
}
