{
    "display": {
        "icon": {
            "item": "minecraft:iron_sword"
        },
        "title": {
            "translate": "advancements.tcc.quests.rogue.04.title"
        },
        "description": {
            "translate": "advancements.tcc.quests.rogue.04.description"
        },
        "show_toast": false,
        "announce_to_chat": false,
        "frame": "challenge"
    },
    "parent": "tcc:technical/item/quest_book/rogue/display/root",
    "criteria": {
        "impossible": {
            "trigger": "minecraft:impossible"
        }
    }
}