{
  "type": "minecraft:entity",
  "pools": [{
      "rolls": 1,
      "entries": [{
        "type": "minecraft:item",
        "functions": [{
            "function": "minecraft:set_count",
            "count": {
              "min": 1.0,
              "max": 5.0,
              "type": "minecraft:uniform"
            }
          },
          {
            "function": "minecraft:looting_enchant",
            "count": {
              "min": 0.0,
              "max": 1.0
            }
          }
        ],
        "name": "minecraft:blue_ice"
      }]
    },
    {
      "rolls": 1,
      "entries": [{
        "type": "minecraft:loot_table",
        "functions": [{
            "function": "minecraft:set_count",
            "count": {
              "min": -1.0,
              "max": 1.0,
              "type": "minecraft:uniform"
            }
          },
          {
            "function": "minecraft:looting_enchant",
            "count": {
              "min": 0.0,
              "max": 1.0
            }
          }
        ],
        "name": "tcc:items/frostbloom_petals"
      }]
    },
    {
      "rolls": 1,
      "entries": [{
        "type": "minecraft:item",
        "name": "minecraft:structure_block",
        "functions": [{
          "function": "minecraft:set_nbt",
          "tag": "{tcc:{id:\"death_item\",entity:\"iceologer\",clear:1b},CustomModelData:330000}"
        }],
        "conditions": [{
          "condition": "minecraft:killed_by_player"
        }]
      }]
    }
  ]
}