{
  "type": "minecraft:entity",
  "pools": [
    {
      "rolls": 1,
      "entries": [
        {
          "type": "minecraft:loot_table",
          "functions": [
            {
              "function": "minecraft:set_count",
              "count": {
                "min": -1,
                "max": 1,
                "type": "minecraft:uniform"
              }
            },
            {
              "function": "minecraft:looting_enchant",
              "count": {
                "min": 0,
                "max": 1
              }
            }
          ],
          "name": "tcc:items/snail_mucus"
        }
      ]
    },
    {
      "rolls": 1,
      "entries": [
        {
          "type": "minecraft:item",
          "name": "minecraft:structure_block",
          "functions": [
            {
              "function": "minecraft:set_nbt",
              "tag": "{tcc:{id:\"death_item\",entity:\"snail\",clear:1b},CustomModelData:330000}"
            }
          ],
          "conditions": [
            {
              "condition": "minecraft:killed_by_player"
            }
          ]
        }
      ]
    }
  ]
}
