{
  "type": "minecraft:chest",
  "pools": [{
      "rolls": {
        "min": 1.0,
        "max": 2.0,
        "type": "minecraft:uniform"
      },
      "entries": [{
          "type": "minecraft:item",
          "weight": 4,
          "functions": [{
            "function": "minecraft:set_count",
            "count": {
              "min": 5.0,
              "max": 7.0,
              "type": "minecraft:uniform"
            }
          }],
          "name": "minecraft:iron_ingot"
        },
        {
          "type": "minecraft:item",
          "weight": 3,
          "functions": [{
            "function": "minecraft:set_count",
            "count": {
              "min": 5.0,
              "max": 7.0,
              "type": "minecraft:uniform"
            }
          }],
          "name": "minecraft:gold_ingot"
        },
        {
          "type": "minecraft:item",
          "weight": 2,
          "functions": [{
            "function": "minecraft:set_count",
            "count": {
              "min": 3.0,
              "max": 5.0,
              "type": "minecraft:uniform"
            }
          }],
          "name": "minecraft:emerald"
        },
        {
          "type": "minecraft:item",
          "weight": 1,
          "functions": [{
            "function": "minecraft:set_count",
            "count": {
              "min": 2.0,
              "max": 4.0,
              "type": "minecraft:uniform"
            }
          }],
          "name": "minecraft:diamond"
        }
      ]
    },
    {
      "rolls": {
        "min": 1.0,
        "max": 2.0,
        "type": "minecraft:uniform"
      },
      "entries": [{
          "type": "minecraft:item",
          "weight": 6,
          "name": "minecraft:book",
          "functions": [{
            "function": "minecraft:set_count",
            "count": {
              "min": 1.0,
              "max": 3.0,
              "type": "minecraft:uniform"
            }
          }]
        },
        {
          "type": "minecraft:item",
          "weight": 2,
          "name": "minecraft:book",
          "functions": [{
            "function": "minecraft:enchant_with_levels",
            "levels": {
              "min": 15,
              "max": 30
            },
            "treasure": true
          }]
        },
        {
          "type": "minecraft:item",
          "weight": 1,
          "name": "minecraft:book",
          "functions": [{
            "function": "minecraft:enchant_with_levels",
            "levels": {
              "min": 30,
              "max": 45
            },
            "treasure": true
          }]
        },
        {
          "type": "minecraft:loot_table",
          "weight": 1,
          "name": "tcc:items/locket_of_learning",
          "functions": [{
            "function": "minecraft:set_nbt",
            "tag": "{CustomModelData:330033,tcc:{stored_points:13}}"
          }]
        }
      ]
    },
    {
      "rolls": 2.0,
      "entries": [{
          "type": "minecraft:item",
          "weight": 6,
          "name": "minecraft:paper",
          "functions": [{
            "function": "minecraft:set_count",
            "count": {
              "min": 5.0,
              "max": 15.0,
              "type": "minecraft:uniform"
            }
          }]
        },
        {
          "type": "minecraft:item",
          "weight": 3,
          "name": "minecraft:lapis_lazuli",
          "functions": [{
            "function": "minecraft:set_count",
            "count": {
              "min": 1.0,
              "max": 3.0,
              "type": "minecraft:uniform"
            }
          }]
        },
        {
          "type": "minecraft:item",
          "weight": 1,
          "name": "minecraft:experience_bottle",
          "functions": [{
            "function": "minecraft:set_count",
            "count": {
              "min": 1.0,
              "max": 3.0,
              "type": "minecraft:uniform"
            }
          }]
        }
      ]
    }
  ]
}