{
  "type": "minecraft:chest",
  "pools": [{
      "rolls": 1.0,
      "entries": [{
        "type": "minecraft:loot_table",
        "name": "tcc:items/frostbloom",
        "functions": [{
          "function": "minecraft:set_count",
          "count": {
            "min": 0.0,
            "max": 2.0,
            "type": "minecraft:uniform"
          }
        }]
      }]
    },
    {
      "rolls": {
        "min": 2.0,
        "max": 3.0,
        "type": "minecraft:uniform"
      },
      "entries": [{
          "type": "minecraft:item",
          "weight": 3,
          "functions": [{
            "function": "minecraft:set_count",
            "count": {
              "min": 3.0,
              "max": 10.0,
              "type": "minecraft:uniform"
            }
          }],
          "name": "minecraft:iron_ingot"
        },
        {
          "type": "minecraft:item",
          "weight": 3,
          "functions": [{
            "function": "minecraft:set_count",
            "count": {
              "min": 2.0,
              "max": 5.0,
              "type": "minecraft:uniform"
            }
          }],
          "name": "minecraft:blue_ice"
        },
        {
          "type": "minecraft:loot_table",
          "weight": 3,
          "functions": [{
            "function": "minecraft:set_count",
            "count": {
              "min": 3.0,
              "max": 5.0,
              "type": "minecraft:uniform"
            }
          }],
          "name": "tcc:items/frostbloom_petals"
        }
      ]
    },
    {
      "rolls": 1.0,
      "entries": [{
          "type": "minecraft:item",
          "weight": 3,
          "name": "minecraft:experience_bottle",
          "functions": [{
            "function": "minecraft:set_count",
            "count": {
              "min": 1.0,
              "max": 6.0,
              "type": "minecraft:uniform"
            }
          }]
        },
        {
          "type": "minecraft:item",
          "weight": 3,
          "functions": [{
            "function": "minecraft:set_count",
            "count": {
              "min": 4.0,
              "max": 6.0,
              "type": "minecraft:uniform"
            }
          }],
          "name": "minecraft:gold_ingot"
        },
        {
          "type": "minecraft:item",
          "weight": 1,
          "functions": [{
            "function": "minecraft:set_count",
            "count": {
              "min": 2.0,
              "max": 7.0,
              "type": "minecraft:uniform"
            }
          }],
          "name": "minecraft:emerald"
        },
        {
          "type": "minecraft:item",
          "weight": 2,
          "functions": [{
            "function": "minecraft:set_count",
            "count": {
              "min": 2.0,
              "max": 7.0,
              "type": "minecraft:uniform"
            }
          }],
          "name": "minecraft:diamond"
        },
        {
          "type": "minecraft:item",
          "weight": 1,
          "functions": [{
            "function": "minecraft:enchant_randomly"
          }],
          "name": "minecraft:book"
        }
      ]
    }
  ]
}