{
  "criteria": {
    "killed_zombie_with_bow_from_30_blocks": {
      "trigger": "minecraft:player_killed_entity",
      "conditions": {
        "entity": {
          "type": "minecraft:zombie",
          "distance": {
            "horizontal": {
              "min": 30.0
            }
          }
        },
        "killing_blow": {
          "is_projectile": true
        }
      }
    }
  },
  "rewards": {
    "function": "tcc:item/quest_book/rogue/trigger/02"
  },
  "parent": "tcc:technical/root"
}
