{
  "parent": "tcc:technical/root",
  "criteria": {
    "remove_ring": {
      "trigger": "minecraft:inventory_changed",
      "conditions": {
        "player": [
          {
            "condition": "minecraft:inverted",
            "term": {
              "condition": "minecraft:entity_properties",
              "entity": "this",
              "predicate": {
                "nbt": "{Inventory:[{Slot:-106b,tag:{tcc:{id:\"ring\",gemstone:{id:\"minecraft:amethyst\"}}}}]}"
              }
            }
          },
          {
            "condition": "minecraft:entity_properties",
            "entity": "this",
            "predicate": {
              "nbt": "{Tags:[\"tcc.has_amethyst_ring\"]}"
            }
          }
        ]
      }
    }
  },
  "rewards": {
    "function": "tcc:item/amethyst_ring/unequip"
  }
}
