{
  "pools": [
    {
      "rolls": 1,
      "entries": [
        {
          "type": "item",
          "weight": 30,
          "name": "minecraft:seagrass"
        },
        {
          "type": "item",
          "weight": 15,
          "name": "minecraft:cod"
        },
        {
          "type": "item",
          "weight": 10,
          "name": "minecraft:salmon"
        },
        {
          "type": "item",
          "weight": 60,
          "name": "minecraft:rotten_flesh"
        },
        {
          "type": "item",
          "weight": 20,
          "name": "minecraft:gold_nugget"
        },
        {
          "type": "item",
          "weight": 10,
          "name": "minecraft:sugar_cane"
        },
        {
          "type": "item", 
          "weight": 3,
          "name": "minecraft:fishing_rod",
          "functions":[
            {
              "function": "set_damage",
              "damage": {
                "min": 0.3,
                "max": 1.0
              }
            }
          ]
        },
        {
          "type": "item",
          "weight": 1,
          "name": "minecraft:turtle_egg"
        }
      ]
    }
  ]
}