{
  "pools": [
    {
      "rolls": 1,
      "entries": [
        {
          "type": "item",
          "weight": 30,
          "name": "minecraft:kelp"
        },
        {
          "type": "item",
          "weight": 60,
          "name": "minecraft:seagrass"
        },
        {
          "type": "item",
          "weight": 20,
          "name": "minecraft:sea_pickle"
        },
        {
          "type": "item",
          "weight": 10,
          "name": "minecraft:tropical_fish"
        },
        {
          "type": "item",
          "weight": 10,
          "name": "minecraft:pufferfish"
        },
        {
          "type": "item",
          "weight": 60,
          "name": "minecraft:rotten_flesh"
        },
        {
          "type": "item",
          "weight": 20,
          "name": "minecraft:gold_nugget"
        },
        {
          "type": "item",
          "weight": 6,
          "name": "minecraft:horn_coral"
        },
        {
          "type": "item",
          "weight": 6,
          "name": "minecraft:bubble_coral"
        },
        {
          "type": "item",
          "weight": 6,
          "name": "minecraft:brain_coral"
        },
        {
          "type": "item",
          "weight": 6,
          "name": "minecraft:fire_coral"
        },
        {
          "type": "item",
          "weight": 6,
          "name": "minecraft:tube_coral"
        },
        {
          "type": "item",
          "weight": 6,
          "name": "minecraft:horn_coral_fan"
        },
        {
          "type": "item",
          "weight": 6,
          "name": "minecraft:bubble_coral_fan"
        },
        {
          "type": "item",
          "weight": 6,
          "name": "minecraft:brain_coral_fan"
        },
        {
          "type": "item",
          "weight": 6,
          "name": "minecraft:fire_coral_fan"
        },
        {
          "type": "item",
          "weight": 6,
          "name": "minecraft:tube_coral_fan"
        },
        {
          "type": "item", 
          "weight": 3,
          "name": "minecraft:fishing_rod",
          "functions":[
            {
              "function": "set_damage",
              "damage": {
                "min": 0.3,
                "max": 1.0
              }
            }
          ]
        },
        {
          "type": "item",
          "weight": 1,
          "name": "minecraft:nautilus_shell"
        }
      ]
    }
  ]
}