{
    "parent": "minecraft:recipes/root",
    "rewards": {
      "recipes": [
        "minecraft:smooth_stone"
      ]
    },
    "criteria": {
      "has_stone": {
        "trigger": "minecraft:inventory_changed",
        "conditions": {
          "items": [
            {
              "tag": "tcc:polished_stone_crafting_materials"
            }
          ]
        }
      },
      "has_the_recipe": {
        "trigger": "minecraft:recipe_unlocked",
        "conditions": {
          "recipe": "minecraft:smooth_stone"
        }
      }
    },
    "requirements": [
      [
        "has_stone",
        "has_the_recipe"
      ]
    ]
  }
