{
  "display": {
    "icon": {
      "item": "minecraft:carrot_on_a_stick",
      "nbt": "{CustomModelData:330009}"
    },
    "title": {
      "translate": "advancements.tcc.minecraft.story.wrench.title"
    },
    "description": [
      {
        "translate": "advancements.tcc.minecraft.story.wrench.description"
      },
      {
        "translate": "advancements.tcc.minecraft.tooltip_spacer"
      },
      {
        "translate": "pack.tcc",
        "color": "#008725",
        "italic": true
      }
    ],
    "frame": "task"
  },
  "parent": "minecraft:story/smelt_iron",
  "criteria": {
    "wrench": {
      "trigger": "minecraft:inventory_changed",
      "conditions": {
        "items": [
          {
            "nbt": "{tcc:{id:\"wrench\"}}"
          }
        ]
      }
    }
  }
}
