{
  "type": "minecraft:block",
  "pools": [{
    "rolls": 1,
    "entries": [{
      "type": "minecraft:loot_table",
      "name": "tcc:items/excavator",
      "functions": [{
        "function": "minecraft:copy_nbt",
        "source": "this",
        "ops": [{
            "source": "ArmorItems[3].tag.Enchantments",
            "target": "Enchantments",
            "op": "replace"
          },
          {
            "source": "ArmorItems[3].tag.Enchantments",
            "target": "BlockEntityTag.Items[0].tag.tcc.enchantments",
            "op": "replace"
          }
        ],
        "conditions": [{
          "condition": "minecraft:entity_properties",
          "entity": "this",
          "predicate": {
            "nbt": "{ArmorItems:[{},{},{},{tag:{Enchantments:[{}]}}]}"
          }
        }]
      }]
    }]
  }]
}