{
  "criteria": {
    "take_damage_with_no_absorption": {
      "trigger": "minecraft:entity_hurt_player",
      "conditions": {
        "player": [{
          "condition": "entity_properties",
          "entity": "this",
          "predicate": {
            "nbt": "{AbsorptionAmount:0.0f,ActiveEffects:[{Id:22b}]}"
          }
        }]
      }
    }
  },
  "rewards": {
    "function": "tcc:entity/player/modify_absorption/clear_effect"
  },
  "parent": "tcc:technical/root"
}
