{
  "parent": "tcc:technical/root",
  "criteria": {
    "bucket_snail": {
      "trigger": "minecraft:player_interacted_with_entity",
      "conditions": {
        "player": [
          {
            "condition": "minecraft:alternative",
            "terms": [
              {
                "condition": "minecraft:entity_properties",
                "entity": "this",
                "predicate": {
                  "equipment": {
                    "mainhand": {
                      "items": [
                        "minecraft:beetroot_soup"
                      ],
                      "count": 1
                    }
                  }
                }
              }
            ]
          }
        ],
        "item": {
          "items": [
            "minecraft:beetroot_soup"
          ]
        },
        "entity": [
          {
            "condition": "minecraft:inverted",
            "term": {
              "condition": "minecraft:entity_properties",
              "entity": "this",
              "predicate": {
                "nbt": "{Tags:[\"tcc.pregnant\"]}"
              }
            }
          },
          {
            "condition": "minecraft:inverted",
            "term": {
              "condition": "minecraft:entity_properties",
              "entity": "this",
              "predicate": {
                "nbt": "{Tags:[\"tcc.in_love\"]}"
              }
            }
          },
          {
            "condition": "minecraft:inverted",
            "term": {
              "condition": "minecraft:entity_properties",
              "entity": "this",
              "predicate": {
                "nbt": "{Tags:[\"tcc.breeding_cooldown\"]}"
              }
            }
          }
        ]
      }
    }
  },
  "rewards": {
    "function": "tcc:entity/snail/breed/raycast_start"
  }
}
