{
  "parent": "tcc:technical/root",
  "criteria": {
    "bucket_snail": {
      "trigger": "minecraft:player_interacted_with_entity",
      "conditions": {
        "player": [
          {
            "condition": "minecraft:alternative",
            "terms": [
              {
                "condition": "minecraft:entity_properties",
                "entity": "this",
                "predicate": {
                  "equipment": {
                    "mainhand": {
                      "items": [
                        "minecraft:bucket"
                      ],
                      "count": 1
                    }
                  }
                }
              },
              {
                "condition": "minecraft:inverted",
                "term": {
                  "condition": "minecraft:reference",
                  "name": "tcc:full_inventory"
                }
              }
            ]
          }
        ],
        "item": {
          "items": [
            "minecraft:bucket"
          ]
        },
        "entity": {
          "nbt": "{Tags:[\"tcc.snail\"]}"
        }
      }
    }
  },
  "rewards": {
    "function": "tcc:entity/snail/bucket/raycast_start"
  }
}
