{
  "parent": "tcc:technical/root",
  "criteria": {
    "feed_snail": {
      "trigger": "minecraft:player_interacted_with_entity",
      "conditions": {
        "item": {
          "items": [
            "minecraft:beetroot"
          ]
        },
        "entity": [
          {
            "condition": "minecraft:entity_properties",
            "entity": "this",
            "predicate": {
              "nbt": "{Tags:[\"tcc.snail\"]}"
            }
          },
          {
            "condition": "minecraft:inverted",
            "term": {
              "condition": "minecraft:entity_properties",
              "entity": "this",
              "predicate": {
                "nbt": "{Tags:[\"tcc.fed_beetroot\"]}"
              }
            }
          }
        ]
      }
    }
  },
  "rewards": {
    "function": "tcc:entity/snail/feed_beetroot/raycast_start"
  }
}
