{
  "parent": "tcc:technical/root",
  "criteria": {
    "hurt_entity": {
      "trigger": "minecraft:player_hurt_entity",
      "conditions": {
        "damage": {
          "type": {
            "direct_entity": {
              "type": "minecraft:spectral_arrow"
            }
          }
        },
        "entity": [
          {
            "condition": "minecraft:alternative",
            "terms": [
              {
                "condition": "minecraft:entity_properties",
                "entity": "this",
                "predicate": {
                  "nbt": "{Tags:[\"tcc.gobblerift\"]}"
                }
              },
              {
                "condition": "minecraft:entity_properties",
                "entity": "this",
                "predicate": {
                  "nbt": "{Tags:[\"tcc.snail\"]}"
                }
              }
            ]
          }
        ]
      }
    }
  },
  "rewards": {
    "function": "tcc:entity/trader_entity/improper_glowing/schedule"
  }
}
