{
    "parent": "tcc:technical/root",
    "criteria": {
        "hit": {
            "trigger": "minecraft:entity_hurt_player",
            "conditions": {
                "damage": {
                    "blocked": false,
                    "source_entity": {
                        "nbt": "{Tags:[\"tcc.lichen_zombie\"]}"
                    }
                },
                "player": [
                    {
                        "condition": "minecraft:inverted",
                        "term": {
                            "condition": "minecraft:entity_properties",
                            "entity": "this",
                            "predicate": {
                                "nbt": "{Tags:[\"tcc.tea.clearsight\"]}"
                            }
                        }
                    }
                ]
            }
        }
    },
    "rewards": {
        "function": "tcc:entity/lichen_zombie"
    }
}