{
  "parent": "tcc:minecraft/husbandry/peculiar_berries",
  "display": {
    "icon": {
      "item": "minecraft:creeper_spawn_egg"
    },
    "title": {
      "translate": "advancements.tcc.minecraft.husbandry.creeper_spawn_egg.title"
    },
    "description": [
      {
        "translate": "advancements.tcc.minecraft.husbandry.creeper_spawn_egg.description"
      },
      {
        "translate": "advancements.tcc.minecraft.tooltip_spacer"
      },
      {
        "translate": "pack.tcc",
        "color": "#008725",
        "italic": true
      }
    ],
    "frame": "task",
    "show_toast": true,
    "announce_to_chat": true,
    "hidden": false
  },
  "criteria": {
    "creeper_spawn_egg": {
      "trigger": "minecraft:inventory_changed",
      "conditions": {
        "items": [
          {
            "items": [
              "minecraft:creeper_spawn_egg"
            ]
          }
        ]
      }
    }
  }
}
