{
  "display": {
    "icon": {
      "item": "minecraft:carrot_on_a_stick",
      "nbt": "{CustomModelData:330006}"
    },
    "title": {
      "translate": "advancements.tcc.minecraft.husbandry.peculiar_berries.title"
    },
    "description": [{
        "translate": "advancements.tcc.minecraft.husbandry.peculiar_berries.description"
      },
      {
        "translate": "advancements.tcc.minecraft.tooltip_spacer"
      },
      {
        "translate": "pack.tcc",
        "color": "#008725",
        "italic": true
      }
    ],
    "show_toast": true,
    "announce_to_chat": true,
    "frame": "goal"
  },
  "parent": "minecraft:husbandry/root",
  "criteria": {
    "feed_chicken": {
      "trigger": "impossible"
    }
  }
}