{
  "pools": [{
    "rolls": 1,
    "entries": [{
        "type": "item",
        "weight": 10,
        "name": "minecraft:beef"
      },
      {
        "type": "item",
        "weight": 10,
        "name": "minecraft:bowl"
      },
      {
        "type": "item",
        "weight": 1,
        "name": "minecraft:music_disc_far"
      },
      {
        "type": "item",
        "weight": 20,
        "name": "minecraft:brown_mushroom"
      },
      {
        "type": "item",
        "weight": 20,
        "name": "minecraft:red_mushroom"
      },
      {
        "type": "item",
        "weight": 15,
        "name": "minecraft:brown_mushroom_block"
      },
      {
        "type": "item",
        "weight": 15,
        "name": "minecraft:red_mushroom_block"
      },
      {
        "type": "item",
        "weight": 10,
        "name": "minecraft:brown_mushroom"
      },
      {
        "type": "minecraft:item",
        "weight": 2,
        "functions": [{
          "function": "minecraft:set_stew_effect",
          "effects": [{
              "type": "minecraft:resistance",
              "duration": {
                "min": 120.0,
                "max": 180.0
              }
            },
            {
              "type": "minecraft:saturation",
              "duration": {
                "min": 120.0,
                "max": 180.0
              }
            },
            {
              "type": "minecraft:haste",
              "duration": {
                "min": 120.0,
                "max": 180.0
              }
            },
            {
              "type": "minecraft:jump_boost",
              "duration": {
                "min": 120.0,
                "max": 180.0
              }
            },
            {
              "type": "minecraft:health_boost",
              "duration": {
                "min": 120.0,
                "max": 180.0
              }
            },
            {
              "type": "minecraft:absorption",
              "duration": {
                "min": 120.0,
                "max": 180.0
              }
            },
            {
              "type": "minecraft:night_vision",
              "duration": {
                "min": 120.0,
                "max": 180.0
              }
            },
            {
              "type": "minecraft:water_breathing",
              "duration": {
                "min": 120.0,
                "max": 180.0
              }
            },
            {
              "type": "minecraft:regeneration",
              "duration": {
                "min": 120.0,
                "max": 180.0
              }
            },
            {
              "type": "minecraft:fire_resistance",
              "duration": {
                "min": 120.0,
                "max": 180.0
              }
            },
            {
              "type": "minecraft:speed",
              "duration": {
                "min": 120.0,
                "max": 180.0
              }
            },
            {
              "type": "minecraft:invisibility",
              "duration": {
                "min": 120.0,
                "max": 180.0
              }
            },
            {
              "type": "minecraft:strength",
              "duration": {
                "min": 120.0,
                "max": 180.0
              }
            },
            {
              "type": "minecraft:slow_falling",
              "duration": {
                "min": 120.0,
                "max": 180.0
              }
            },
            {
              "type": "minecraft:dolphins_grace",
              "duration": {
                "min": 120.0,
                "max": 180.0
              }
            }
          ]
        }],
        "name": "minecraft:suspicious_stew"
      }
    ]
  }]
}
