{
  "pools": [{
    "rolls": 1,
    "entries": [{
        "type": "item",
        "weight": 15,
        "name": "minecraft:spruce_sapling"
      },
      {
        "type": "item",
        "weight": 15,
        "name": "minecraft:brown_mushroom"
      },
      {
        "type": "item",
        "weight": 5,
        "name": "minecraft:mossy_cobblestone"
      },
      {
        "type": "item",
        "weight": 15,
        "name": "minecraft:fern"
      },
      {
        "type": "item",
        "weight": 10,
        "name": "minecraft:bone"
      },
      {
        "type": "item",
        "weight": 5,
        "name": "minecraft:cobblestone"
      },
      {
        "type": "item",
        "weight": 1,
        "name": "minecraft:iron_axe",
        "functions": [{
          "function": "set_damage",
          "damage": {
            "min": 0.1,
            "max": 0.5
          }
        }]
      },
      {
        "type": "item",
        "weight": 5,
        "name": "minecraft:vine"
      },
      {
        "type": "item",
        "weight": 5,
        "name": "minecraft:large_fern"
      },
      {
        "type": "loot_table",
        "weight": 1,
        "name": "tcc:items/ancient_acorn"
      }
    ]
  }]
}
