{
  "pools": [{
    "rolls": 1,
    "entries": [{
        "type": "loot_table",
        "weight": 25,
        "name": "tcc:items/rotten_porkchop"
      },
      {
        "type": "item",
        "weight": 25,
        "name": "minecraft:nether_brick"
      },
      {
        "type": "item",
        "weight": 30,
        "name": "minecraft:gold_nugget",
        "functions": [{
          "function": "set_count",
          "count": {
            "min": 1,
            "max": 2
          }
        }]
      },
      {
        "type": "item",
        "weight": 5,
        "name": "minecraft:glowstone_dust",
        "functions": [{
          "function": "set_count",
          "count": {
            "min": 1,
            "max": 2
          }
        }]
      },
      {
        "type": "item",
        "weight": 5,
        "name": "minecraft:gold_ingot"
      },
      {
        "type": "item",
        "weight": 3,
        "name": "minecraft:quartz"
      },
      {
        "type": "item",
        "weight": 1,
        "name": "wither_rose"
      },
      {
        "type": "loot_table",
        "weight": 6,
        "name": "tcc:items/cursed_crown"
      }
    ]
  }]
}