{
  "display": {
    "title": {
      "translate": "TCC (MISSING RESOURCES)",
      "with": [
        [{
          "translate": "pack.tcc"
        }]
      ]
    },
    "description": {
      "translate": "The Creeper's Code Resource Pack is not installed. Please go to https://thecreeperscode.com/download.",
      "with": [
        [{
            "translate": "advancements.tcc.installed_datapacks_menu.description_1",
            "color": "#008725"
          },
          {
            "translate": "pack.tcc.version",
            "color": "blue"
          },
          {
            "translate": "advancements.tcc.installed_datapacks_menu.description_2",
            "color": "gray"
          }
        ]
      ]
    },
    "show_toast": false,
    "announce_to_chat": false,
    "icon": {
      "item": "minecraft:barrier",
      "nbt": "{CustomModelData:330000}"
    }
  },
  "parent": "global:root",
  "criteria": {
    "trigger": {
      "trigger": "minecraft:tick"
    }
  }
}
