{
  "criteria": {
    "antitoxin": {
      "trigger": "minecraft:effects_changed",
      "conditions": {
        "player": {
          "nbt": "{Tags:[\"tcc.tea.antitoxin\"]}"
        },
        "effects": {
          "minecraft:poison": {}
        }
      }
    },
    "clearsight": {
      "trigger": "minecraft:effects_changed",
      "conditions": {
        "player": {
          "nbt": "{Tags:[\"tcc.tea.clearsight\"]}"
        },
        "effects": {
          "minecraft:blindness": {}
        }
      }
    },
    "obscurity": {
      "trigger": "minecraft:effects_changed",
      "conditions": {
        "player": {
          "nbt": "{Tags:[\"tcc.tea.obscurity\"]}"
        },
        "effects": {
          "minecraft:glowing": {}
        }
      }
    },
    "plenty": {
      "trigger": "minecraft:effects_changed",
      "conditions": {
        "player": {
          "nbt": "{Tags:[\"tcc.tea.plenty\"]}"
        },
        "effects": {
          "minecraft:hunger": {}
        }
      }
    },
    "purity": {
      "trigger": "minecraft:effects_changed",
      "conditions": {
        "player": {
          "nbt": "{Tags:[\"tcc.tea.purity\"]}"
        },
        "effects": {
          "minecraft:wither": {}
        }
      }
    },
    "serendipity": {
      "trigger": "minecraft:effects_changed",
      "conditions": {
        "player": {
          "nbt": "{Tags:[\"tcc.tea.serendipity\"]}"
        },
        "effects": {
          "minecraft:unluck": {}
        }
      }
    },
    "stability": {
      "trigger": "minecraft:effects_changed",
      "conditions": {
        "player": {
          "nbt": "{Tags:[\"tcc.tea.stability\"]}"
        },
        "effects": {
          "minecraft:levitation": {}
        }
      }
    },
    "steadiness": {
      "trigger": "minecraft:effects_changed",
      "conditions": {
        "player": {
          "nbt": "{Tags:[\"tcc.tea.steadiness\"]}"
        },
        "effects": {
          "minecraft:nausea": {}
        }
      }
    },
    "vigor": {
      "trigger": "minecraft:effects_changed",
      "conditions": {
        "player": {
          "nbt": "{Tags:[\"tcc.tea.vigor\"]}"
        },
        "effects": {
          "minecraft:weakness": {}
        }
      }
    },
    "vitality": {
      "trigger": "minecraft:effects_changed",
      "conditions": {
        "player": {
          "nbt": "{Tags:[\"tcc.tea.vitality\"]}"
        },
        "effects": {
          "minecraft:mining_fatigue": {}
        }
      }
    },
    "vivacity": {
      "trigger": "minecraft:effects_changed",
      "conditions": {
        "player": {
          "nbt": "{Tags:[\"tcc.tea.vivacity\"]}"
        },
        "effects": {
          "minecraft:slowness": {}
        }
      }
    }
  },
  "requirements": [
    [
      "antitoxin",
      "clearsight",
      "obscurity",
      "plenty",
      "purity",
      "serendipity",
      "stability",
      "steadiness",
      "vigor",
      "vitality",
      "vivacity"
    ]
  ],
  "rewards": {
    "function": "tcc:item/tea/clear/main"
  },
  "parent": "tcc:technical/root"
}
