{
  "type": "minecraft:block",
  "pools": [{
      "rolls": 1.0,
      "entries": [{
        "type": "minecraft:alternatives",
        "children": [{
            "type": "minecraft:item",
            "conditions": [{
              "condition": "minecraft:block_state_property",
              "block": "minecraft:wheat",
              "properties": {
                "age": "7"
              }
            }],
            "name": "minecraft:wheat"
          },
          {
            "type": "minecraft:item",
            "name": "minecraft:wheat_seeds"
          }
        ]
      }]
    },
    {
      "rolls": 1.0,
      "entries": [{
        "type": "minecraft:item",
        "functions": [{
          "function": "minecraft:apply_bonus",
          "enchantment": "minecraft:fortune",
          "formula": "minecraft:binomial_with_bonus_count",
          "parameters": {
            "extra": 3,
            "probability": 0.5714286
          }
        }],
        "name": "minecraft:wheat_seeds"
      }],
      "conditions": [{
          "condition": "minecraft:block_state_property",
          "block": "minecraft:wheat",
          "properties": {
            "age": "7"
          }
        },
        {
          "condition": "minecraft:inverted",
          "term": {
            "condition": "minecraft:entity_properties",
            "entity": "this",
            "predicate": {
              "nbt": "{SelectedItem:{tag:{tcc:{id:\"obsidian_scythe\"}}}}",
              "flags": {
                "is_sneaking": false
              }
            }
          }
        }
      ]
    }
  ],
  "functions": [{
    "function": "minecraft:explosion_decay"
  }]
}
