{
  "parent": "tcc:minecraft/adventure/witch_hat",
  "display": {
    "icon": {
      "item": "minecraft:spider_eye"
    },
    "title": {
      "translate": "advancements.tcc.minecraft.adventure.witch_trade.title"
    },
    "description": [{
        "translate": "advancements.tcc.minecraft.adventure.witch_trade.description"
      },
      {
        "translate": "advancements.tcc.minecraft.tooltip_spacer"
      },
      {
        "translate": "pack.tcc",
        "color": "#008725",
        "italic": true
      }
    ],
    "frame": "goal",
    "show_toast": true,
    "announce_to_chat": true,
    "hidden": false
  },
  "criteria": {
    "trade": {
      "trigger": "minecraft:villager_trade",
      "conditions": {
        "villager": {
          "nbt": "{Tags:[\"tcc.witch_trader\"]}"
        }
      }
    }
  }
}