{
  "parent": "minecraft:block/cube",
  "textures": {
    "particle": "smithed:block/crafter/table_front",
    "north": "smithed:block/crafter/table_front",
    "south": "smithed:block/crafter/table_side",
    "east": "smithed:block/crafter/table_side",
    "west": "smithed:block/crafter/table_front",
    "up": "smithed:block/crafter/table_top",
    "down": "minecraft:block/piston_bottom"
  },
  "display": {
    "head": {
      "translation": [
        0,
        -30.43,
        0
      ],
      "scale": [
        1.602,
        1.602,
        1.602
      ]
    }
  },
  "overrides": []
}