{
  "parent": "minecraft:recipes/root",
  "rewards": {
    "recipes": [
      "tcc:prismarine_bricks_from_prismarine_stonecutting"
    ]
  },
  "criteria": {
    "has_prismarine": {
      "trigger": "minecraft:inventory_changed",
      "conditions": {
        "items": [
          {
            "items": [
              "minecraft:prismarine"
            ]
          }
        ]
      }
    },
    "has_the_recipe": {
      "trigger": "minecraft:recipe_unlocked",
      "conditions": {
        "recipe": "tcc:prismarine_bricks_from_prismarine_stonecutting"
      }
    }
  },
  "requirements": [
    [
      "has_prismarine",
      "has_the_recipe"
    ]
  ]
}
