{
  "pools": [
    {
      "rolls": 1,
      "entries": [
        {
          "type": "item",
          "weight": 30,
          "name": "minecraft:gunpowder"
        },
        {
          "type": "item",
          "weight": 60,
          "name": "minecraft:spider_eye"
        },
        {
          "type": "item",
          "weight": 60,
          "name": "minecraft:bone"
        },
        {
          "type": "item",
          "weight": 60,
          "name": "minecraft:rotten_flesh"
        },
        {
          "type": "item",
          "weight": 8,
          "name": "minecraft:experience_bottle"
        },
        {
          "type": "item",
          "weight": 4,
          "name": "minecraft:music_disc_11"
        },
        {
          "type": "item",
          "weight": 20,
          "name": "minecraft:gold_nugget"
        },
        {
          "type": "item",
          "weight": 60,
          "name": "minecraft:dead_bush"
        },
        {
          "type": "item",
          "weight": 1,
          "name": "minecraft:skeleton_skull"
        },
        {
          "type": "item",
          "weight": 10,
          "name": "minecraft:cactus"
        }
      ]
    }
  ]
}