{
  "criteria": {
    "normal": {
      "trigger": "minecraft:item_used_on_block",
      "conditions": {
        "location": {
          "block": {
            "blocks": [
              "minecraft:dropper"
            ],
            "nbt": "{Lock:\"§positional_anchor\\\\uF001\"}"
          }
        }
      }
    },
    "filled": {
      "trigger": "minecraft:item_used_on_block",
      "conditions": {
        "location": {
          "block": {
            "blocks": [
              "minecraft:dropper"
            ],
            "nbt": "{Lock:\"§positional_anchor_filled\\\\uF001\"}"
          }
        }
      }
    }
  },
  "requirements": [
    [
      "normal",
      "filled"
    ]
  ],
  "rewards": {
    "function": "tcc:block/positional_anchor/stop_sound"
  }
}
