{
  "parent": "tcc:technical/root",
  "criteria": {
    "pick_up_water_bottle": {
      "trigger": "minecraft:inventory_changed",
      "conditions": {
        "player": [
          {
            "condition": "minecraft:alternative",
            "terms": [
              {
                "condition": "minecraft:entity_properties",
                "entity": "this",
                "predicate": {
                  "nbt": "{Tags:[\"tcc.scheduled.tea_drink.mainhand\"]}"
                }
              },
              {
                "condition": "minecraft:entity_properties",
                "entity": "this",
                "predicate": {
                  "nbt": "{Tags:[\"tcc.scheduled.tea_drink.offhand\"]}"
                }
              }
            ]
          }
        ],
        "items": [
          {
            "items": [
              "minecraft:potion"
            ],
            "nbt": "{Potion:\"minecraft:water\"}"
          }
        ]
      }
    }
  },
  "rewards": {
    "function": "tcc:item/tea/replace_water_bottle"
  }
}
