{
    "display": {
        "icon": {
            "item": "minecraft:rotten_flesh"
        },
        "title": {
            "translate": "advancements.tcc.quests.warrior.02.title"
        },
        "description": {
            "translate": "advancements.tcc.quests.warrior.02.description"
        },
        "show_toast": false,
        "announce_to_chat": false,
        "frame": "task"
    },
    "parent": "tcc:technical/item/quest_book/warrior/display/root",
    "criteria": {
        "impossible": {
            "trigger": "minecraft:impossible"
        }
    }
}