{
    "display": {
        "icon": {
            "item": "minecraft:rotten_flesh",
            "nbt": "{Enchantments:[{id:\"minecraft:sharpness\",lvl:0s}]}"
        },
        "title": {
            "translate": "advancements.tcc.quests.warrior.06.title"
        },
        "description": {
            "translate": "advancements.tcc.quests.warrior.06.description"
        },
        "show_toast": false,
        "announce_to_chat": false,
        "frame": "challenge"
    },
    "parent": "tcc:technical/item/quest_book/warrior/display/02",
    "criteria": {
        "impossible": {
            "trigger": "minecraft:impossible"
        }
    }
}
