{
    "criteria": {
        "shot_zombie": {
            "trigger": "minecraft:player_hurt_entity",
            "conditions": {
                "entity":{
                    "type":"minecraft:zombie"
                },
                "damage": {
                    "type": {
                        "is_projectile": true,
                        "direct_entity": {
                            "type": "minecraft:arrow"
                        }
                    }
                }
            }
        }
    },
    "rewards": {
        "function": "tcc:item/quest_book/warrior/trigger/05"
    },
    "parent": "tcc:technical/root"
}