{
  "display": {
    "icon": {
      "item": "minecraft:golden_apple"
    },
    "title": {
      "translate": "advancements.tcc.quests.healer.01.title"
    },
    "description": {
      "translate": "advancements.tcc.quests.healer.01.description"
    },
    "show_toast": false,
    "announce_to_chat": false,
    "frame": "challenge"
  },
  "parent": "tcc:technical/item/quest_book/healer/display/root",
  "criteria": {
    "impossible": {
      "trigger": "minecraft:impossible"
    }
  }
}
