{
  "criteria": {
    "diamond": {
      "trigger": "minecraft:entity_hurt_player",
      "conditions": {
        "player": [{
          "condition": "entity_properties",
          "entity": "this",
          "predicate": {
            "nbt": "{Inventory:[{Slot:-106b,tag:{tcc:{id:\"ring\",gemstone:{id:\"minecraft:diamond\"}}}}]}"
          }
        }]
      }
    },
    "obsidian": {
      "trigger": "minecraft:entity_hurt_player",
      "conditions": {
        "damage": {
          "type": {
            "is_fire": false,
            "is_lightning": false,
            "bypasses_magic": false,
            "is_magic": false,
            "bypasses_invulnerability": false,
            "bypasses_armor": false,
            "blocked": false
          }
        },
        "player": [{
          "condition": "entity_properties",
          "entity": "this",
          "predicate": {
            "nbt": "{Inventory:[{Slot:-106b,tag:{tcc:{id:\"ring\",gemstone:{id:\"minecraft:obsidian\"}}}}]}"
          }
        }]
      }
    },
    "prismarine": {
      "trigger": "minecraft:player_hurt_entity",
      "conditions": {
        "damage": {
          "type": {
            "is_magic": false,
            "is_projectile": false,
            "blocked": false
          }
        },
        "player": [{
          "condition": "entity_properties",
          "entity": "this",
          "predicate": {
            "nbt": "{Inventory:[{Slot:-106b,tag:{tcc:{id:\"ring\",gemstone:{id:\"minecraft:prismarine_crystal\"}}}}]}"
          }
        }]
      }
    },
    "quartz": {
      "trigger": "minecraft:player_hurt_entity",
      "conditions": {
        "damage": {
          "type": {
            "is_magic": false,
            "blocked": false
          }
        },
        "player": [{
          "condition": "entity_properties",
          "entity": "this",
          "predicate": {
            "nbt": "{Inventory:[{Slot:-106b,tag:{tcc:{id:\"ring\",gemstone:{id:\"minecraft:quartz\"}}}}]}"
          }
        }]
      }
    }
  },
  "requirements": [
    ["diamond", "prismarine", "obsidian", "quartz"]
  ],
  "rewards": {
    "function": "tcc:item/item_modification/durability/damage/offhand"
  },
  "parent": "tcc:technical/root"
}
