{
  "criteria": {
    "killed_entity": {
      "trigger": "minecraft:player_killed_entity",
      "conditions": {
        "player": [
          {
            "condition": "entity_properties",
            "entity": "this",
            "predicate": {
              "nbt": "{Inventory:[{Slot:-106b,tag:{tcc:{id:\"ring\",gemstone:{id:\"minecraft:lapis_lazuli\"}}}}]}"
            }
          }
        ]
      }
    }
  },
  "rewards": {
    "function": "tcc:item/item_modification/durability/damage/rings/lapis_damage"
  },
  "parent": "tcc:technical/root"
}
