{
  "criteria": {
    "hurt_gobblerift": {
      "trigger": "minecraft:player_hurt_entity",
      "conditions": {
        "entity": [
          {
            "condition": "minecraft:inverted",
            "term": {
              "condition": "minecraft:entity_properties",
              "entity": "this",
              "predicate": {
                "nbt": "{Tags:[\"tcc.gobblerift.hurt\"]}"
              }
            }
          },
          {
            "condition": "minecraft:entity_properties",
            "entity": "this",
            "predicate": {
              "nbt": "{Tags:[\"tcc.gobblerift\"]}"
            }
          }
        ]
      }
    }
  },
  "rewards": {
    "function": "tcc:block/gobblerift/hurt/player"
  },
  "parent": "tcc:technical/root"
}