{
    "type": "minecraft:chest",
    "pools": [
        {
            "rolls": {
                "min": 1,
                "max": 2,
                "type": "minecraft:uniform"
            },
            "entries": [
                {
                    "type": "minecraft:item",
                    "weight": 30,
                    "functions": [
                        {
                            "function": "minecraft:set_count",
                            "count": {
                                "min": 2,
                                "max": 7,
                                "type": "minecraft:uniform"
                            }
                        },
                        {
                            "function": "minecraft:set_nbt",
                            "tag": "{Potion:\"minecraft:poison\"}"
                        }
                    ],
                    "name": "minecraft:tipped_arrow"
                }
            ]
        }
    ]
}