{
  "type": "minecraft:block",
  "pools": [{
    "rolls": 1,
    "entries": [{
      "type": "minecraft:alternatives",
      "children": [{
          "type": "minecraft:loot_table",
          "conditions": [{
              "condition": "minecraft:match_tool",
              "predicate": {
                "nbt": "{Enchantments:[{id:\"minecraft:fortune\"}]}"
              }
            },
            {
              "condition": "minecraft:inverted",
              "term": {
                "condition": "minecraft:match_tool",
                "predicate": {
                  "tag": "tcc:nonshovel_fortune_tools"
                }
              }
            },
            {
              "condition": "minecraft:table_bonus",
              "enchantment": "minecraft:fortune",
              "chances": [
                0,
                0.20,
                0.35,
                0.50
              ]
            }
          ],
          "name": "tcc:blocks/soul_soil_fortune"
        },
        {
          "type": "minecraft:item",
          "conditions": [{
            "condition": "minecraft:survives_explosion"
          }],
          "name": "minecraft:soul_soil"
        }
      ]
    }]
  }]
}