{
  "type": "minecraft:block",
  "pools": [
    {
      "rolls": 1,
      "entries": [
        {
          "type": "minecraft:item",
          "name": "minecraft:yellow_candle"
        }
      ]
    },
    {
      "rolls": 1,
      "entries": [
        {
          "type": "minecraft:item",
          "name": "minecraft:cake",
          "conditions": [
            {
              "condition": "minecraft:location_check",
              "predicate": {
                "block": {
                  "blocks": [
                    "minecraft:air"
                  ]
                }
              }
            }
          ]
        }
      ]
    }
  ]
}
