{
  "parent": "tcc:technical/root",
  "criteria": {
    "click_horse": {
      "trigger": "minecraft:player_interacted_with_entity",
      "conditions": {
        "player": [
          {
            "condition": "minecraft:entity_properties",
            "entity": "this",
            "predicate": {
              "nbt": "{RootVehicle:{Entity:{OnGround:1b}}}"
            }
          },
          {
            "condition": "minecraft:inverted",
            "term": {
              "condition": "minecraft:reference",
              "name": "tcc:sneaking"
            }
          }
        ],
        "item": {
          "items": [
            "minecraft:air"
          ]
        },
        "entity": {
          "type": "#tcc:horses"
        }
      }
    }
  },
  "rewards": {
    "function": "tcc:entity/horse_frost_trotting/add_tag"
  }
}
