{
  "rewards": {
    "function": "tcc:item/charged_music_disc"
  },
  "criteria": {
    "music_disc_13": {
      "trigger": "minecraft:item_used_on_block",
      "conditions": {
        "location": {
          "block": {
            "blocks": [
              "minecraft:jukebox"
            ],
            "nbt": "{RecordItem:{tag:{tcc:{id:\"charged_music_disc\"}}}}"
          }
        },
        "item": {
          "items": [
            "minecraft:music_disc_13"
          ],
          "nbt": "{tcc:{id:\"charged_music_disc\"}}"
        }
      }
    },
    "music_disc_cat": {
      "trigger": "minecraft:item_used_on_block",
      "conditions": {
        "location": {
          "block": {
            "blocks": [
              "minecraft:jukebox"
            ],
            "nbt": "{RecordItem:{tag:{tcc:{id:\"charged_music_disc\"}}}}"
          }
        },
        "item": {
          "items": [
            "minecraft:music_disc_cat"
          ],
          "nbt": "{tcc:{id:\"charged_music_disc\"}}"
        }
      }
    },
    "music_disc_blocks": {
      "trigger": "minecraft:item_used_on_block",
      "conditions": {
        "location": {
          "block": {
            "blocks": [
              "minecraft:jukebox"
            ],
            "nbt": "{RecordItem:{tag:{tcc:{id:\"charged_music_disc\"}}}}"
          }
        },
        "item": {
          "items": [
            "minecraft:music_disc_blocks"
          ],
          "nbt": "{tcc:{id:\"charged_music_disc\"}}"
        }
      }
    },
    "music_disc_chirp": {
      "trigger": "minecraft:item_used_on_block",
      "conditions": {
        "location": {
          "block": {
            "blocks": [
              "minecraft:jukebox"
            ],
            "nbt": "{RecordItem:{tag:{tcc:{id:\"charged_music_disc\"}}}}"
          }
        },
        "item": {
          "items": [
            "minecraft:music_disc_chirp"
          ],
          "nbt": "{tcc:{id:\"charged_music_disc\"}}"
        }
      }
    },
    "music_disc_far": {
      "trigger": "minecraft:item_used_on_block",
      "conditions": {
        "location": {
          "block": {
            "blocks": [
              "minecraft:jukebox"
            ],
            "nbt": "{RecordItem:{tag:{tcc:{id:\"charged_music_disc\"}}}}"
          }
        },
        "item": {
          "items": [
            "minecraft:music_disc_far"
          ],
          "nbt": "{tcc:{id:\"charged_music_disc\"}}"
        }
      }
    },
    "music_disc_mall": {
      "trigger": "minecraft:item_used_on_block",
      "conditions": {
        "location": {
          "block": {
            "blocks": [
              "minecraft:jukebox"
            ],
            "nbt": "{RecordItem:{tag:{tcc:{id:\"charged_music_disc\"}}}}"
          }
        },
        "item": {
          "items": [
            "minecraft:music_disc_mall"
          ],
          "nbt": "{tcc:{id:\"charged_music_disc\"}}"
        }
      }
    },
    "music_disc_mellohi": {
      "trigger": "minecraft:item_used_on_block",
      "conditions": {
        "location": {
          "block": {
            "blocks": [
              "minecraft:jukebox"
            ],
            "nbt": "{RecordItem:{tag:{tcc:{id:\"charged_music_disc\"}}}}"
          }
        },
        "item": {
          "items": [
            "minecraft:music_disc_mellohi"
          ],
          "nbt": "{tcc:{id:\"charged_music_disc\"}}"
        }
      }
    },
    "music_disc_stal": {
      "trigger": "minecraft:item_used_on_block",
      "conditions": {
        "location": {
          "block": {
            "blocks": [
              "minecraft:jukebox"
            ],
            "nbt": "{RecordItem:{tag:{tcc:{id:\"charged_music_disc\"}}}}"
          }
        },
        "item": {
          "items": [
            "minecraft:music_disc_stal"
          ],
          "nbt": "{tcc:{id:\"charged_music_disc\"}}"
        }
      }
    },
    "music_disc_strad": {
      "trigger": "minecraft:item_used_on_block",
      "conditions": {
        "location": {
          "block": {
            "blocks": [
              "minecraft:jukebox"
            ],
            "nbt": "{RecordItem:{tag:{tcc:{id:\"charged_music_disc\"}}}}"
          }
        },
        "item": {
          "items": [
            "minecraft:music_disc_strad"
          ],
          "nbt": "{tcc:{id:\"charged_music_disc\"}}"
        }
      }
    },
    "music_disc_ward": {
      "trigger": "minecraft:item_used_on_block",
      "conditions": {
        "location": {
          "block": {
            "blocks": [
              "minecraft:jukebox"
            ],
            "nbt": "{RecordItem:{tag:{tcc:{id:\"charged_music_disc\"}}}}"
          }
        },
        "item": {
          "items": [
            "minecraft:music_disc_ward"
          ],
          "nbt": "{tcc:{id:\"charged_music_disc\"}}"
        }
      }
    },
    "music_disc_11": {
      "trigger": "minecraft:item_used_on_block",
      "conditions": {
        "location": {
          "block": {
            "blocks": [
              "minecraft:jukebox"
            ],
            "nbt": "{RecordItem:{tag:{tcc:{id:\"charged_music_disc\"}}}}"
          }
        },
        "item": {
          "items": [
            "minecraft:music_disc_11"
          ],
          "nbt": "{tcc:{id:\"charged_music_disc\"}}"
        }
      }
    },
    "music_disc_wait": {
      "trigger": "minecraft:item_used_on_block",
      "conditions": {
        "location": {
          "block": {
            "blocks": [
              "minecraft:jukebox"
            ],
            "nbt": "{RecordItem:{tag:{tcc:{id:\"charged_music_disc\"}}}}"
          }
        },
        "item": {
          "items": [
            "minecraft:music_disc_wait"
          ],
          "nbt": "{tcc:{id:\"charged_music_disc\"}}"
        }
      }
    },
    "music_disc_pigstep": {
      "trigger": "minecraft:item_used_on_block",
      "conditions": {
        "location": {
          "block": {
            "blocks": [
              "minecraft:jukebox"
            ],
            "nbt": "{RecordItem:{tag:{tcc:{id:\"charged_music_disc\"}}}}"
          }
        },
        "item": {
          "items": [
            "minecraft:music_disc_pigstep"
          ],
          "nbt": "{tcc:{id:\"charged_music_disc\"}}"
        }
      }
    }
  },
  "requirements": [
    [
      "music_disc_13",
      "music_disc_cat",
      "music_disc_blocks",
      "music_disc_far",
      "music_disc_chirp",
      "music_disc_mall",
      "music_disc_mellohi",
      "music_disc_stal",
      "music_disc_strad",
      "music_disc_ward",
      "music_disc_11",
      "music_disc_wait",
      "music_disc_pigstep"
    ]
  ]
}
