{
  "pools": [{
    "rolls": 1,
    "entries": [{
        "type": "minecraft:item",
        "name": "minecraft:name_tag",
        "weight": 1
      },
      {
        "type": "minecraft:loot_table",
        "name": "tcc:items/golden_ring",
        "weight": 1,
        "conditions": [{
          "condition": "minecraft:alternative",
          "terms": [{
              "condition": "minecraft:location_check",
              "predicate": {
                "biome": "minecraft:badlands"
              }
            },
            {
              "condition": "minecraft:location_check",
              "predicate": {
                "biome": "minecraft:badlands_plateau"
              }
            },
            {
              "condition": "minecraft:location_check",
              "predicate": {
                "biome": "minecraft:wooded_badlands_plateau"
              }
            },
            {
              "condition": "minecraft:location_check",
              "predicate": {
                "biome": "minecraft:modified_badlands_plateau"
              }
            },
            {
              "condition": "minecraft:location_check",
              "predicate": {
                "biome": "minecraft:eroded_badlands"
              }
            },
            {
              "condition": "minecraft:location_check",
              "predicate": {
                "biome": "minecraft:modified_wooded_badlands_plateau"
              }
            }
          ]
        }]
      },
      {
        "type": "minecraft:loot_table",
        "weight": 1,
        "name":"tcc:items/pristine_lapis_lazuli_gemstone",
        "conditions": [{
          "condition": "minecraft:alternative",
          "terms": [{
              "condition": "minecraft:location_check",
              "predicate": {
                "biome": "minecraft:desert"
              }
            },
            {
              "condition": "minecraft:location_check",
              "predicate": {
                "biome": "minecraft:desert_hills"
              }
            },
            {
              "condition": "minecraft:location_check",
              "predicate": {
                "biome": "minecraft:desert_lakes"
              }
            }
          ]
        }]
      },
      {
        "type": "minecraft:item",
        "name": "minecraft:shulker_shell",
        "weight": 1,
        "conditions": [{
          "condition": "minecraft:alternative",
          "terms": [{
            "condition": "minecraft:location_check",
            "predicate": {
              "dimension": "minecraft:the_end"
            }
          }]
        }]
      },
      {
        "type": "minecraft:item",
        "name": "minecraft:saddle",
        "weight": 1
      },
      {
        "type": "minecraft:item",
        "name": "minecraft:bow",
        "weight": 1,
        "functions": [{
            "function": "minecraft:set_damage",
            "damage": {
              "min": 0,
              "max": 0.25
            }
          },
          {
            "function": "minecraft:enchant_with_levels",
            "levels": 30,
            "treasure": true
          }
        ]
      },
      {
        "type": "minecraft:item",
        "name": "minecraft:fishing_rod",
        "weight": 1,
        "functions": [{
            "function": "minecraft:set_damage",
            "damage": {
              "min": 0,
              "max": 0.25
            }
          },
          {
            "function": "minecraft:enchant_with_levels",
            "levels": 30,
            "treasure": true
          }
        ]
      },
      {
        "type": "minecraft:item",
        "name": "minecraft:book",
        "weight": 1,
        "functions": [{
          "function": "minecraft:enchant_with_levels",
          "levels": 30,
          "treasure": true
        }]
      },
      {
        "type": "minecraft:item",
        "name": "minecraft:nautilus_shell",
        "weight": 1,
        "conditions": [{
          "condition": "minecraft:inverted",
          "term": {
            "condition": "minecraft:location_check",
            "predicate": {
              "dimension": "minecraft:the_end"
            }
          }
        }]
      },
      {
        "type": "minecraft:loot_table",
        "name": "tcc:items/grace_potion",
        "weight": 1
      }
    ]
  }]
}
